<?xml version="1.0" encoding="UTF-8"?>
<project-private xmlns="http://www.netbeans.org/ns/project-private/1">
    <editor-bookmarks xmlns="http://www.netbeans.org/ns/editor-bookmarks/2" lastBookmarkId="0"/>
    <open-files xmlns="http://www.netbeans.org/ns/projectui-open-files/2">
        <group>
            <file>file:/D:/Semester%203/Aljabar/New%20Folder/AllinMatriksAPP/src/allinmatriksapp/soal2.java</file>
            <file>file:/D:/Semester%203/Aljabar/New%20Folder/AllinMatriksAPP/src/allinmatriksapp/soal1.java</file>
            <file>file:/D:/Semester%203/Aljabar/New%20Folder/AllinMatriksAPP/src/allinmatriksapp/AllinMatriksAPP.java</file>
            <file>file:/D:/Semester%203/Aljabar/New%20Folder/AllinMatriksAPP/src/allinmatriksapp/menu.java</file>
        </group>
    </open-files>
</project-private>
